{
  "mae": 1.3013261451658396,
  "rmse": 1.7207364775462795,
  "mape": 5.525406084764983,
  "r2": 0.47212451269608924
}