horizon,model,model_display,model_type,MAE,RMSE,R2,P50_absolute_error,P90_absolute_error,P95_absolute_error,inference_latency_mean_ms,inference_latency_p95_ms,n,train_seconds
15m,lightgbm,LightGBM,ml,1.224087825205643,1.640874837779288,0.9524006695159954,0.958052096648892,2.5819924636368814,3.168279986618885,11.962,14.467,8640,10.467214584350586
240m,lightgbm,LightGBM,ml,1.30163504354461,1.7477433477093969,0.9465258154507908,1.0286578837994025,2.72850043453535,3.354078038698118,12.951,21.026,8640,8.91901445388794
60m,lightgbm,LightGBM,ml,1.2717418887461442,1.7230878929785496,0.9475962869897496,0.9885519539979626,2.625270423561376,3.3026573791200056,13.605,16.499,8640,8.244945049285889
