task,target,fold,train_days,val_days,n_train,n_val,fit_seconds,MAE,RMSE,R2,MAPE_safe_pct
15m_speed,target_speed_15m,1,13,3,24720,5760,13.224,4.791355073773373,6.573115458377362,0.8730848174358732,15.917777658199281
15m_speed,target_speed_15m,2,15,4,28560,7680,13.23,4.8825888663367145,6.864837767072472,0.831342857432941,13.467108188250402
15m_speed,target_speed_15m,3,18,4,34320,7680,14.118,4.374417267466828,5.95098928877323,0.8970469830714485,15.343677564061153
60m_speed,target_speed_60m,1,13,3,24720,5760,13.668,5.275240140414174,7.356040226901979,0.8413113203710055,17.696024720602153
60m_speed,target_speed_60m,2,15,4,28560,7680,12.415,5.564197413322932,7.785543899744586,0.7831925856224008,15.110715679546145
60m_speed,target_speed_60m,3,18,4,34320,7680,14.2,4.4546074308743355,6.080357880989722,0.8923766335272573,15.791575591602689
